<?xml version="1.0" encoding="UTF-8" standalone="yes"?>
<addon id="plugin.video.OpenWaterMediaWizard" name="Open Water Media Wizard" version="0.17.6" provider-name="OpenWaterMedia">
  <requires>
    <import addon="xbmc.python" version="2.1.0"/>
  </requires>
  <extension point="xbmc.python.pluginsource" library="default.py">
        <provides>video executable</provides>
  </extension>
  <extension point="xbmc.addon.metadata">
    <summary lang="en">Open Water Media Wizard</summary>
    <description lang="en">Open Water Media</description>
	<website>https://www.facebook.com/groups/openwatermedia/</website>
    <platform>all</platform>
  </extension>
</addon>
